<?xml version="1.0" encoding="UTF-8"?>
<configuration>
    <include resource="org/springframework/boot/logging/logback/base.xml" />
    <logger name="org.springframework.web" level="INFO"/>
    <logger name="org.springboot.sample" level="TRACE" />

    <!-- 开发、测试环境 -->
    <springProfile name="dev">
        <logger name="org.springframework.web" level="INFO"/>
        <logger name="org.springboot.sample" level="INFO" />
        <logger name="xiaozhi" level="DEBUG" />
    </springProfile>

    <!-- 生产环境 -->
    <springProfile name="prod">
        <appender name="LOG" class="ch.qos.logback.core.rolling.RollingFileAppender">
            <rollingPolicy class="ch.qos.logback.core.rolling.SizeAndTimeBasedRollingPolicy">
                <!--日志文件输出的文件名-->
                <FileNamePattern>/system/logs/admin.%d{yyyy-MM-dd}.%i.log</FileNamePattern>
                <!--日志大小-->
                <maxFileSize>1MB</maxFileSize>
                <!--日志文件保留天数-->
                <maxHistory>7</maxHistory>
            </rollingPolicy>
            <encoder class="ch.qos.logback.classic.encoder.PatternLayoutEncoder">
                <!--格式化输出：%d表示日期，%thread表示线程名，%-5level：级别从左显示5个字符宽度%msg：日志消息，%n是换行符-->
                <pattern>%d{yyyy-MM-dd HH:mm:ss.SSS} [%thread] %-5level %logger{50} - %msg%n</pattern>
            </encoder>
        </appender>
        <logger name="org.springframework.web" level="ERROR"/>
        <logger name="org.springboot.sample" level="ERROR"/>
        <logger name="xiaozhi" level="INFO"/>
    </springProfile>

</configuration>